"Author","LastAuthor","LastPrinted","Created","LastSaved","Version"
"Admin","ssharma","2010-12-24T09:23:39Z","2008-04-10T08:59:49Z","2012-07-16T06:57:22Z","11.9999"
"
   
   
   
  ","6810","12510","480","420","601","1","","False","False"
"Array"
"Array"
"
   
  ","
   
   
   
   
   
   
   
   
   
   
   
   
   
   
   
   
   
   
   
   
   
   
   
   
   
   
   
   
   
   
   
   
   
   
   
   
   
   
   
   
   
   
   
   
   
   
   
   
   
   
   
   
   
   
   
   
   
   
   
   
   
   
   
   
   
   
   
   
   
   
   
  ","
   
   
   
   
   
   
   
   
   
   
  "
